{"mel": [-11.512925148010254, 2.2773385047912598], "max_seq_len": 628}